create database SkyAir;
use SkyAir;

CREATE TABLE Usuarios (
    ID_USUARIO INT PRIMARY KEY,
    Nombre NVARCHAR(150) NOT NULL,
    Apellido NVARCHAR(150) NOT NULL,
    Email NVARCHAR(200) NOT NULL,
    Contraseña NVARCHAR(100) NOT NULL,
    FechaRegistro DATETIME NOT NULL
);	


CREATE TABLE ZonasHorarias (
    ID_ZonaHoraria INT PRIMARY KEY,
    Nombre NVARCHAR(50) NOT NULL,
    Desplazamiento INT NOT NULL -- Desplazamiento en horas desde UTC
);

-- Insertar zonas horarias UTC
INSERT INTO ZonasHorarias (ID_ZonaHoraria,Nombre, Desplazamiento) VALUES
(1,'UTC-12:00', -12),
(2,'UTC-11:00', -11),
(3,'UTC-10:00', -10),
(4,'UTC-09:00', -9),
(5,'UTC-08:00', -8),
(6,'UTC-07:00', -7),
(7,'UTC-06:00', -6),
(8,'UTC-05:00', -5),
(9,'UTC-04:00', -4),
(10,'UTC-03:00', -3),
(11,'UTC-02:00', -2),
(12,'UTC-01:00', -1),
(13,'UTC+00:00', 0),
(14,'UTC+01:00', 1),
(15,'UTC+02:00', 2),
(16,'UTC+03:00', 3),
(17,'UTC+04:00', 4),
(18,'UTC+05:00', 5),
(19,'UTC+06:00', 6),
(20,'UTC+07:00', 7),
(21,'UTC+08:00', 8),
(22,'UTC+09:00', 9),
(23,'UTC+10:00', 10),
(24,'UTC+11:00', 11),
(25,'UTC+12:00', 12),
(26,'UTC+13:00', 13),
(27,'UTC+14:00', 14);

CREATE TABLE Continentes(
	ID_CONTINENTE INT PRIMARY KEY,
	Nombre NVARCHAR(100) not null
);

INSERT INTO Continentes VALUES
(1,'Europa'),
(2,'América del Norte'),
(3,'América del Sur'),
(4,'África'),
(5,'Asia'),
(6,'Oceanía');

-- Tabla de Paises
CREATE TABLE Paises (
    ID_PAIS INT PRIMARY KEY,
    Nombre NVARCHAR(50) NOT NULL,
	Latitud DECIMAL(9, 6) ,
    Longitud DECIMAL(9, 6),
	ID_CONTINENTE int FOREIGN KEY REFERENCES Continentes(ID_CONTINENTE)
);

-- Tabla de Ciudades
CREATE TABLE Ciudades (
    ID_CIUDAD INT PRIMARY KEY ,
    Nombre NVARCHAR(50) NOT NULL,
	Latitud DECIMAL(9, 6),
    Longitud DECIMAL(9, 6),
	ID_PAIS INT FOREIGN KEY REFERENCES Paises(ID_PAIS),
	ID_ZonaHoraria int FOREIGN KEY REFERENCES ZonasHorarias(ID_ZonaHoraria)
);




-- Tabla de Aeropuertos
CREATE TABLE Aeropuertos (
    ID_AEROPUERTO INT PRIMARY KEY ,
    Nombre NVARCHAR(100) NOT NULL,
    ID_CIUDAD INT FOREIGN KEY REFERENCES Ciudades(ID_CIUDAD),
    CapacidadTerminal INT NOT NULL
);

-- Tabla de Aviones
CREATE TABLE Aviones (
    ID_AVION INT PRIMARY KEY ,
    MODELO NVARCHAR(100),
    CapacidadAsientos INT NOT NULL,
	Velocidad int not null
);

insert into Aviones VALUES
(1, 'Boeing 777', 300, 900),
(2, 'Airbus A380', 550, 950),
(3, 'Boeing 787 Dreamliner', 250, 910),
(4, 'Airbus A350', 300, 920),
(5, 'Boeing 737', 180, 800);

CREATE TABLE Vuelos (
    ID_VUELO INT PRIMARY KEY ,
    ID_AVION INT FOREIGN KEY REFERENCES Aviones(ID_AVION),
    ID_ORIGEN INT FOREIGN KEY REFERENCES Ciudades(ID_Ciudad),
    ID_DESTINO INT FOREIGN KEY REFERENCES Ciudades(ID_Ciudad),
    FechaSalida DATETIME NOT NULL,
    FechaLlegada DATETIME NOT NULL,
    CupoTotal INT NOT NULL,
    CupoDisponible INT NOT NULL,
	PrecioEstandar DECIMAL(10, 2) NOT NULL
);

create table Estados(
	ID_ESTADO INT PRIMARY KEY,
	ESTADO NVARCHAR(100) NOT NULL
);


CREATE TABLE TIPOS_CLASES(
	ID_TIPO_CLASE INT PRIMARY KEY,
	Nombre Nvarchar(100) not null,
	EquipajeMano int,
	EquipajeCabina int
);

insert into TIPOS_CLASES values 
(1,'Turista',1,1),
(2,'Bussiness',2,2);

create table Billetes (
	ID_Billete INT PRIMARY KEY,
	ID_VUELO int FOREIGN KEY REFERENCES VUELOS(ID_VUELO),
	Asiento nvarchar(50) not null,
	EquipajeMano int,
	EquipajeCabina int,
	Precio DECIMAL(10, 2) NOT NULL,
	Nombre NVARCHAR(150) NOT NULL,
	DocumentoIdentidad Nvarchar(100) not null,
    Apellido NVARCHAR(150) NOT NULL,
	FechaCompra DATETIME NOT NULL,
	Email NVARCHAR(200) NOT NULL,
	TelefonoContacto NVARCHAR(50) NOT NULL,
	ID_TIPO_CLASE int FOREIGN KEY REFERENCES TIPOS_CLASES(ID_TIPO_CLASE)
);



--INSERT PAISES ALL

Insert into paises values
(1, 'Chipre', 35, 33, 1),
(2, 'República Eslovaca', 48.66666666, 19.5, 1),
(3, 'Ciudad del Vaticano', 41.9, 12.45, 1),
(4, 'Serbia', 44, 21, 1),
(5, 'Islas Faroe', 62, -7, 1),
(6, 'Albania', 41, 20, 1),
(7, 'Italia', 42.83333333, 12.83333333, 1),
(8, 'España', 40, -4, 1),
(9, 'Irlanda', 53, -8, 1),
(10, 'Croacia', 45.16666666, 15.5, 1),
(11, 'Estonia', 59, 26, 1),
(12, 'Reino Unido', 54, -2, 1),
(13, 'Gibraltar', 36.13333333, -5.35, 1),
(14, 'Finlandia', 64, 26, 1),
(15, 'Suecia', 62, 15, 1),
(16, 'Islandia', 65, -18, 1),
(17, 'Suiza', 47, 8, 1),
(18, 'Letonia', 57, 25, 1),
(19, 'Polonia', 52, 20, 1),
(20, 'Lituania', 56, 24, 1),
(21, 'Andorra', 42.5, 1.5, 1),
(22, 'Jersey', 49.25, -2.16666666, 1),
(23, 'Malta', 35.9375, 14.3754, 1),
(24, 'Alemania', 51, 9, 1),
(25, 'San Marino', 43.76666666, 12.41666666, 1),
(26, 'Luxemburgo', 49.75, 6.16666666, 1),
(27, 'Rumania', 46, 25, 1),
(28, 'Islas Svalbard y Jan Mayen', 78, 20, 1),
(29, 'Bielorrusia', 53, 28, 1),
(30, 'Alandia', 60.116667, 19.9, 1),
(31, 'Guernsey', 49.46666666, -2.58333333, 1),
(32, 'Noruega', 62, 10, 1),
(33, 'Bélgica', 50.83333333, 4, 1),
(34, 'Portugal', 39.5, -8, 1),
(35, 'Dinamarca', 56, 10, 1),
(36, 'Chequia', 49.75, 15.5, 1),
(37, 'Grecia', 39, 22, 1),
(38, 'Austria', 47.33333333, 13.33333333, 1),
(39, 'Mónaco', 43.73333333, 7.4, 1),
(40, 'Eslovenia', 46.11666666, 14.81666666, 1),
(41, 'Bosnia y Herzegovina', 44, 18, 1),
(42, 'Francia', 46, 2, 1),
(43, 'Bulgaria', 43, 25, 1),
(44, 'Moldavia', 47, 29, 1),
(45, 'Isla de Man', 54.25, -4.5, 1),
(46, 'Montenegro', 42.5, 19.3, 1),
(47, 'Hungría', 47, 20, 1),
(48, 'Macedonia del Norte', 41.83333333, 22, 1),
(49, 'Kosovo', 42.666667, 21.166667, 1),
(50, 'Países Bajos', 52.5, 5.75, 1),
(51, 'Ucrania', 49, 32, 1),
(52, 'Liechtenstein', 47.26666666, 9.53333333, 1),
(53, 'Rusia', 60, 100, 1),
(54, 'Groenlandia', 72, -40, 2),
(55, 'San Pedro y Miquelón', 46.83333333, -56.33333333, 2),
(56, 'Canadá', 60, -95, 2),
(57, 'Islas Ultramarinas Menores de Estados Unidos', 19.3, 166.633333, 2),
(58, 'Bermudas', 32.33333333, -64.75, 2),
(59, 'México', 23, -102, 2),
(60, 'Estados Unidos', 38, -97, 2),
(61, 'Brasil', -10, -55, 3),
(62, 'Perú', -10, -76, 3),
(63, 'Colombia', 4, -72, 3),
(64, 'Surinam', 4, -56, 3),
(65, 'Ecuador', -2, -77.5, 3),
(66, 'Venezuela', 8, -66, 3),
(67, 'Islas Malvinas', -51.75, -59, 3),
(68, 'Bolivia', -17, -65, 3),
(69, 'Guayana Francesa', 4, -53, 3),
(70, 'Paraguay', -23, -58, 3),
(71, 'Uruguay', -33, -56, 3),
(72, 'Guyana', 5, -59, 3),
(73, 'Chile', -30, -71, 3),
(74, 'Argentina', -34, -64, 3),
(75, 'Eritrea', 15, 39, 4),
(76, 'Liberia', 6.5, -9.5, 4),
(77, 'Uganda', 1, 32, 4),
(78, 'Mayotte', -12.83333333, 45.16666666, 4),
(79, 'Somalia', 10, 49, 4),
(80, 'Zambia', -15, 30, 4),
(81, 'Argelia', 28, 3, 4),
(82, 'Egipto', 27, 30, 4),
(83, 'Madagascar', -20, 47, 4),
(84, 'Sudán', 15, 30, 4),
(85, 'Sudáfrica', -29, 24, 4),
(86, 'Congo', -1, 15, 4),
(87, 'Kenia', 1, 38, 4),
(88, 'Territorio Británico del Océano Índico', -6, 71.5, 4),
(89, 'Costa de Marfil', 8, -5, 4),
(90, 'Senegal', 14, -14, 4),
(91, 'Mauritania', 20, -12, 4),
(92, 'Gambia', 13.46666666, -16.56666666, 4),
(93, 'Seychelles', -4.58333333, 55.66666666, 4),
(94, 'Santa Elena, Ascensión y Tristán de Acuña', -15.95, -5.72, 4),
(95, 'Santo Tomé y Príncipe', 1, 7, 4),
(96, 'Ghana', 8, -2, 4),
(97, 'Tanzania', -6, 35, 4),
(98, 'Nigeria', 10, 8, 4),
(99, 'Togo', 8, 1.16666666, 4),
(100, 'Djibouti', 11.5, 43, 4),
(101, 'Níger', 16, 8, 4),
(102, 'Etiopía', 8, 38, 4),
(103, 'Sahara Occidental', 24.5, -13, 4),
(104, 'Marruecos', 32, -5, 4),
(105, 'Guinea Ecuatorial', 2, 10, 4),
(106, 'República Centroafricana', 7, 21, 4),
(107, 'Guinea', 11, -10, 4),
(108, 'Botswana', -22, 24, 4),
(109, 'Camerún', 6, 12, 4),
(110, 'Gabón', -1, 11.75, 4),
(111, 'Guinea-Bisáu', 12, -15, 4),
(112, 'Zimbabue', -20, 30, 4),
(113, 'Lesotho', -29.5, 28.5, 4),
(114, 'Namibia', -22, 17, 4),
(115, 'Burkina Faso', 13, -2, 4),
(116, 'Mali', 17, -4, 4),
(117, 'Benín', 9.5, 2.25, 4),
(118, 'Mozambique', -18.25, 35, 4),
(119, 'Reunión', -21.15, 55.5, 4),
(120, 'Congo (Rep. Dem.)', 0, 25, 4),
(121, 'Chad', 15, 19, 4),
(122, 'Cabo Verde', 16.5388, 23.0418, 4),
(123, 'Burundi', -3.5, 30, 4),
(124, 'Ruanda', -2, 30, 4),
(125, 'Mauricio', -20.28333333, 57.55, 4),
(126, 'Libia', 25, 17, 4),
(127, 'Malawi', -13.5, 34, 4),
(128, 'Túnez', 34, 9, 4),
(129, 'Comoras', -12.16666666, 44.25, 4),
(130, 'Suazilandia', -26.5, 31.5, 4),
(131, 'Sudán del Sur', 7, 30, 4),
(132, 'Angola', -12.5, 18.5, 4),
(133, 'Sierra Leone', 8.5, -11.5, 4),
(134, 'Israel', 31.47, 35.13, 5),
(135, 'Singapur', 1.36666666, 103.8, 5),
(136, 'Emiratos Árabes Unidos', 24, 54, 5),
(137, 'China', 35, 105, 5),
(138, 'Uzbekistán', 41, 64, 5),
(139, 'Turkmenistán', 40, 60, 5),
(140, 'Maldivas', 3.25, 73, 5),
(141, 'Palestina', 31.9, 35.2, 5),
(142, 'Arabia Saudí', 25, 45, 5),
(143, 'Turquía', 39, 35, 5),
(144, 'Malasia', 2.5, 112.5, 5),
(145, 'Timor Oriental', -8.83333333, 125.91666666, 5),
(146, 'Kazajistán', 48.0196, 66.9237, 5),
(147, 'Azerbaiyán', 40.5, 47.5, 5),
(148, 'Líbano', 33.83333333, 35.83333333, 5),
(149, 'Catar', 25.5, 51.25, 5),
(150, 'Vietnam', 16.16666666, 107.83333333, 5),
(151, 'Afganistán', 33, 65, 5),
(152, 'Japón', 36, 138, 5),
(153, 'Siria', 35, 38, 5),
(154, 'Jordania', 31, 36, 5),
(155, 'Kuwait', 29.5, 45.75, 5),
(156, 'Myanmar', 22, 98, 5),
(157, 'Kirguizistán', 41, 75, 5),
(158, 'Tailandia', 15, 100, 5),
(159, 'Armenia', 40, 45, 5),
(160, 'Iran', 32, 53, 5),
(161, 'Bahrein', 26, 50.55, 5),
(162, 'Laos', 18, 105, 5),
(163, 'Corea del Sur', 37, 127.5, 5),
(164, 'Mongolia', 46, 105, 5),
(165, 'India', 20, 77, 5),
(166, 'Tayikistán', 39, 71, 5),
(167, 'Brunei', 4.5, 114.66666666, 5),
(168, 'Nepal', 28, 84, 5),
(169, 'Filipinas', 13, 122, 5),
(170, 'Taiwán', 23.5, 121, 5),
(171, 'Macao', 22.16666666, 113.55, 5),
(172, 'Yemen', 15, 48, 5),
(173, 'Pakistán', 30, 70, 5),
(174, 'Bután', 27.5, 90.5, 5),
(175, 'Camboya', 13, 105, 5),
(176, 'Omán', 21, 57, 5),
(177, 'Georgia', 42, 43.5, 5),
(178, 'Corea del Norte', 40, 127, 5),
(179, 'Indonesia', -5, 120, 5),
(180, 'Bangladesh', 24, 90, 5),
(181, 'Irak', 33, 44, 5),
(182, 'Sri Lanka', 7, 81, 5),
(183, 'Hong Kong', 22.267, 114.188, 5),
(184, 'Islas Tokelau', -9, -172, 6),
(185, 'Tonga', -20, -175, 6),
(186, 'Fiyi', 17.7134, 178.065, 6),
(187, 'Isla de Navidad', -10.5, 105.66666666, 6),
(188, 'Nueva Zelanda', -41, 174, 6),
(189, 'Islas Cook', -21.23333333, -159.76666666, 6),
(190, 'Nueva Caledonia', -21.5, 165.5, 6),
(191, 'Niue', -19.03333333, -169.86666666, 6),
(192, 'Kiribati', 1.41666666, 173, 6),
(193, 'Vanuatu', -16, 167, 6),
(194, 'Islas Marshall', 9, 168, 6),
(195, 'Samoa Americana', -14.33333333, -170, 6),
(196, 'Palau', 7.5, 134.5, 6),
(197, 'Wallis y Futuna', -13.3, -176.2, 6),
(198, 'Isla de Norfolk', -29.03333333, 167.95, 6),
(199, 'Polinesia Francesa', 17.6797, 149.4068, 6),
(200, 'Islas Pitcairn', -25.06666666, -130.1, 6),
(201, 'Australia', -27, 133, 6),
(202, 'Guam', 13.46666666, 144.78333333, 6),
(203, 'Nauru', -0.53333333, 166.91666666, 6),
(204, 'Islas Cocos o Islas Keeling', 12.1642, 96.871, 6),
(205, 'Islas Salomón', -8, 159, 6),
(206, 'Islas Marianas del Norte', 15.2, 145.75, 6),
(207, 'Samoa', -13.58333333, -172.33333333, 6),
(208, 'Tuvalu', -8, 178, 6),
(209, 'Papúa Nueva Guinea', -6, 147, 6),
(210, 'Micronesia', 6.91666666, 158.25, 6);




--CIUDADES ENTERAS

Insert into ciudades values
(1, 'Nicosia', 35.17, 33.37, 1, (select ID_ZonaHoraria FROM ZONASHORARIAS WHERE NOMBRE = 'UTC+02:00') ),
(2, 'Bratislava', 48.15, 17.12, 2, (select ID_ZonaHoraria FROM ZONASHORARIAS WHERE NOMBRE = 'UTC+01:00') ),
(3, 'Vatican City', 41.9, 12.45, 3, (select ID_ZonaHoraria FROM ZONASHORARIAS WHERE NOMBRE = 'UTC+01:00') ),
(4, 'Belgrade', 44.83, 20.5, 4, (select ID_ZonaHoraria FROM ZONASHORARIAS WHERE NOMBRE = 'UTC+01:00') ),
(5, 'Tórshavn', 62.01, -6.77, 5, (select ID_ZonaHoraria FROM ZONASHORARIAS WHERE NOMBRE = 'UTC+00:00') ),
(6, 'Tirana', 41.32, 19.82, 6, (select ID_ZonaHoraria FROM ZONASHORARIAS WHERE NOMBRE = 'UTC+01:00') ),
(7, 'Rome', 41.9, 12.48, 7, (select ID_ZonaHoraria FROM ZONASHORARIAS WHERE NOMBRE = 'UTC+01:00') ),
(8, 'Madrid', 40.4, -3.68, 8, (select ID_ZonaHoraria FROM ZONASHORARIAS WHERE NOMBRE = 'UTC') ),
(9, 'Dublin', 53.32, -6.23, 9, (select ID_ZonaHoraria FROM ZONASHORARIAS WHERE NOMBRE = 'UTC') ),
(10, 'Zagreb', 45.8, 16, 10, (select ID_ZonaHoraria FROM ZONASHORARIAS WHERE NOMBRE = 'UTC+01:00') ),
(11, 'Tallinn', 59.43, 24.72, 11, (select ID_ZonaHoraria FROM ZONASHORARIAS WHERE NOMBRE = 'UTC+02:00') ),
(12, 'London', 51.5, -0.08, 12, (select ID_ZonaHoraria FROM ZONASHORARIAS WHERE NOMBRE = 'UTC-08:00') ),
(13, 'Gibraltar', 36.13, -5.35, 13, (select ID_ZonaHoraria FROM ZONASHORARIAS WHERE NOMBRE = 'UTC+01:00') ),
(14, 'Helsinki', 60.17, 24.93, 14, (select ID_ZonaHoraria FROM ZONASHORARIAS WHERE NOMBRE = 'UTC+02:00') ),
(15, 'Stockholm', 59.33, 18.05, 15, (select ID_ZonaHoraria FROM ZONASHORARIAS WHERE NOMBRE = 'UTC+01:00') ),
(16, 'Reykjavik', 64.15, -21.95, 16, (select ID_ZonaHoraria FROM ZONASHORARIAS WHERE NOMBRE = 'UTC') ),
(17, 'Bern', 46.92, 7.47, 17, (select ID_ZonaHoraria FROM ZONASHORARIAS WHERE NOMBRE = 'UTC+01:00') ),
(18, 'Riga', 56.95, 24.1, 18, (select ID_ZonaHoraria FROM ZONASHORARIAS WHERE NOMBRE = 'UTC+02:00') ),
(19, 'Warsaw', 52.25, 21, 19, (select ID_ZonaHoraria FROM ZONASHORARIAS WHERE NOMBRE = 'UTC+01:00') ),
(20, 'Vilnius', 54.68, 25.32, 20, (select ID_ZonaHoraria FROM ZONASHORARIAS WHERE NOMBRE = 'UTC+02:00') ),
(21, 'Andorra la Vella', 42.5, 1.52, 21, (select ID_ZonaHoraria FROM ZONASHORARIAS WHERE NOMBRE = 'UTC+01:00') ),
(22, 'Saint Helier', 49.18, -2.1, 22, (select ID_ZonaHoraria FROM ZONASHORARIAS WHERE NOMBRE = 'UTC+01:00') ),
(23, 'Valletta', 35.88, 14.5, 23, (select ID_ZonaHoraria FROM ZONASHORARIAS WHERE NOMBRE = 'UTC+01:00') ),
(24, 'Berlin', 52.52, 13.4, 24, (select ID_ZonaHoraria FROM ZONASHORARIAS WHERE NOMBRE = 'UTC+01:00') ),
(25, 'City of San Marino', 43.94, 12.45, 25, (select ID_ZonaHoraria FROM ZONASHORARIAS WHERE NOMBRE = 'UTC+01:00') ),
(26, 'Luxembourg', 49.6, 6.12, 26, (select ID_ZonaHoraria FROM ZONASHORARIAS WHERE NOMBRE = 'UTC+01:00') ),
(27, 'Bucharest', 44.43, 26.1, 27, (select ID_ZonaHoraria FROM ZONASHORARIAS WHERE NOMBRE = 'UTC+02:00') ),
(28, 'Longyearbyen', 78.22, 15.63, 28, (select ID_ZonaHoraria FROM ZONASHORARIAS WHERE NOMBRE = 'UTC+01:00') ),
(29, 'Minsk', 53.9, 27.57, 29, (select ID_ZonaHoraria FROM ZONASHORARIAS WHERE NOMBRE = 'UTC+03:00') ),
(30, 'Mariehamn', 60.12, 19.9, 30, (select ID_ZonaHoraria FROM ZONASHORARIAS WHERE NOMBRE = 'UTC+02:00') ),
(31, 'St. Peter Port', 49.45, -2.54, 31, (select ID_ZonaHoraria FROM ZONASHORARIAS WHERE NOMBRE = 'UTC+00:00') ),
(32, 'Oslo', 59.92, 10.75, 32, (select ID_ZonaHoraria FROM ZONASHORARIAS WHERE NOMBRE = 'UTC+01:00') ),
(33, 'Brussels', 50.83, 4.33, 33, (select ID_ZonaHoraria FROM ZONASHORARIAS WHERE NOMBRE = 'UTC+01:00') ),
(34, 'Lisbon', 38.72, -9.13, 34, (select ID_ZonaHoraria FROM ZONASHORARIAS WHERE NOMBRE = 'UTC-01:00') ),
(35, 'Copenhagen', 55.67, 12.58, 35, (select ID_ZonaHoraria FROM ZONASHORARIAS WHERE NOMBRE = 'UTC-04:00') ),
(36, 'Prague', 50.08, 14.47, 36, (select ID_ZonaHoraria FROM ZONASHORARIAS WHERE NOMBRE = 'UTC+01:00') ),
(37, 'Athens', 37.98, 23.73, 37, (select ID_ZonaHoraria FROM ZONASHORARIAS WHERE NOMBRE = 'UTC+02:00') ),
(38, 'Vienna', 48.2, 16.37, 38, (select ID_ZonaHoraria FROM ZONASHORARIAS WHERE NOMBRE = 'UTC+01:00') ),
(39, 'Monaco', 43.73, 7.42, 39, (select ID_ZonaHoraria FROM ZONASHORARIAS WHERE NOMBRE = 'UTC+01:00') ),
(40, 'Ljubljana', 46.05, 14.52, 40, (select ID_ZonaHoraria FROM ZONASHORARIAS WHERE NOMBRE = 'UTC+01:00') ),
(41, 'Sarajevo', 43.87, 18.42, 41, (select ID_ZonaHoraria FROM ZONASHORARIAS WHERE NOMBRE = 'UTC+01:00') ),
(42, 'Paris', 48.87, 2.33, 42, (select ID_ZonaHoraria FROM ZONASHORARIAS WHERE NOMBRE = 'UTC-10:00') ),
(43, 'Sofia', 42.68, 23.32, 43, (select ID_ZonaHoraria FROM ZONASHORARIAS WHERE NOMBRE = 'UTC+02:00') ),
(44, 'Chișinău', 47.01, 28.9, 44, (select ID_ZonaHoraria FROM ZONASHORARIAS WHERE NOMBRE = 'UTC+02:00') ),
(45, 'Douglas', 54.15, -4.48, 45, (select ID_ZonaHoraria FROM ZONASHORARIAS WHERE NOMBRE = 'UTC+00:00') ),
(46, 'Podgorica', 42.43, 19.27, 46, (select ID_ZonaHoraria FROM ZONASHORARIAS WHERE NOMBRE = 'UTC+01:00') ),
(47, 'Budapest', 47.5, 19.08, 47, (select ID_ZonaHoraria FROM ZONASHORARIAS WHERE NOMBRE = 'UTC+01:00') ),
(48, 'Skopje', 42, 21.43, 48, (select ID_ZonaHoraria FROM ZONASHORARIAS WHERE NOMBRE = 'UTC+01:00') ),
(49, 'Pristina', 42.67, 21.17, 49, (select ID_ZonaHoraria FROM ZONASHORARIAS WHERE NOMBRE = 'UTC+01:00') ),
(50, 'Amsterdam', 52.35, 4.92, 50, (select ID_ZonaHoraria FROM ZONASHORARIAS WHERE NOMBRE = 'UTC+01:00') ),
(51, 'Kyiv', 50.43, 30.52, 51, (select ID_ZonaHoraria FROM ZONASHORARIAS WHERE NOMBRE = 'UTC+02:00') ),
(52, 'Vaduz', 47.13, 9.52, 52, (select ID_ZonaHoraria FROM ZONASHORARIAS WHERE NOMBRE = 'UTC+01:00') ),
(53, 'Moscow', 55.75, 37.6, 53, (select ID_ZonaHoraria FROM ZONASHORARIAS WHERE NOMBRE = 'UTC+03:00') );
Insert into ciudades values
(54, 'Nuuk', 64.18, -51.75, 54, (select ID_ZonaHoraria FROM ZONASHORARIAS WHERE NOMBRE = 'UTC-04:00') ),
(55, 'Saint-Pierre', 46.77, -56.18, 55, (select ID_ZonaHoraria FROM ZONASHORARIAS WHERE NOMBRE = 'UTC-03:00') ),
(56, 'Ottawa', 45.42, -75.7, 56, (select ID_ZonaHoraria FROM ZONASHORARIAS WHERE NOMBRE = 'UTC-08:00') ),
(58, 'Hamilton', 32.28, -64.78, 58, (select ID_ZonaHoraria FROM ZONASHORARIAS WHERE NOMBRE = 'UTC-04:00') ),
(59, 'Mexico City', 19.43, -99.13, 59, (select ID_ZonaHoraria FROM ZONASHORARIAS WHERE NOMBRE = 'UTC-08:00') ),
(60, 'Washington, D.C.', 38.89, -77.05, 60, (select ID_ZonaHoraria FROM ZONASHORARIAS WHERE NOMBRE = 'UTC-12:00') );
Insert into ciudades values
(61, 'Brasília', -15.79, -47.88, 61, (select ID_ZonaHoraria FROM ZONASHORARIAS WHERE NOMBRE = 'UTC-05:00') ),
(62, 'Lima', -12.05, -77.05, 62, (select ID_ZonaHoraria FROM ZONASHORARIAS WHERE NOMBRE = 'UTC-05:00') ),
(63, 'Bogotá', 4.71, -74.07, 63, (select ID_ZonaHoraria FROM ZONASHORARIAS WHERE NOMBRE = 'UTC-05:00') ),
(64, 'Paramaribo', 5.83, -55.17, 64, (select ID_ZonaHoraria FROM ZONASHORARIAS WHERE NOMBRE = 'UTC-03:00') ),
(65, 'Quito', -0.22, -78.5, 65, (select ID_ZonaHoraria FROM ZONASHORARIAS WHERE NOMBRE = 'UTC-06:00') ),
(66, 'Caracas', 10.48, -66.87, 66, (select ID_ZonaHoraria FROM ZONASHORARIAS WHERE NOMBRE = 'UTC-04:00') ),
(67, 'Stanley', -51.7, -57.85, 67, (select ID_ZonaHoraria FROM ZONASHORARIAS WHERE NOMBRE = 'UTC-04:00') ),
(68, 'Sucre', -19.02, -65.26, 68, (select ID_ZonaHoraria FROM ZONASHORARIAS WHERE NOMBRE = 'UTC-04:00') ),
(69, 'Cayenne', 4.94, -52.33, 69, (select ID_ZonaHoraria FROM ZONASHORARIAS WHERE NOMBRE = 'UTC-03:00') ),
(70, 'Asunción', -25.28, -57.57, 70, (select ID_ZonaHoraria FROM ZONASHORARIAS WHERE NOMBRE = 'UTC-04:00') ),
(71, 'Montevideo', -34.85, -56.17, 71, (select ID_ZonaHoraria FROM ZONASHORARIAS WHERE NOMBRE = 'UTC-03:00') ),
(72, 'Georgetown', 6.8, -58.15, 72, (select ID_ZonaHoraria FROM ZONASHORARIAS WHERE NOMBRE = 'UTC-04:00') ),
(73, 'Santiago', -33.45, -70.67, 73, (select ID_ZonaHoraria FROM ZONASHORARIAS WHERE NOMBRE = 'UTC-06:00') ),
(74, 'Buenos Aires', -34.58, -58.67, 74, (select ID_ZonaHoraria FROM ZONASHORARIAS WHERE NOMBRE = 'UTC-03:00') );
Insert into ciudades values
(75, 'Asmara', 15.33, 38.93, 75, (select ID_ZonaHoraria FROM ZONASHORARIAS WHERE NOMBRE = 'UTC+03:00') ),
(76, 'Monrovia', 6.3, -10.8, 76, (select ID_ZonaHoraria FROM ZONASHORARIAS WHERE NOMBRE = 'UTC') ),
(77, 'Kampala', 0.32, 32.55, 77, (select ID_ZonaHoraria FROM ZONASHORARIAS WHERE NOMBRE = 'UTC+03:00') ),
(78, 'Mamoudzou', -12.78, 45.22, 78, (select ID_ZonaHoraria FROM ZONASHORARIAS WHERE NOMBRE = 'UTC+03:00') ),
(79, 'Mogadishu', 2.07, 45.33, 79, (select ID_ZonaHoraria FROM ZONASHORARIAS WHERE NOMBRE = 'UTC+03:00') ),
(80, 'Lusaka', -15.42, 28.28, 80, (select ID_ZonaHoraria FROM ZONASHORARIAS WHERE NOMBRE = 'UTC+02:00') ),
(81, 'Algiers', 36.75, 3.05, 81, (select ID_ZonaHoraria FROM ZONASHORARIAS WHERE NOMBRE = 'UTC+01:00') ),
(82, 'Cairo', 30.05, 31.25, 82, (select ID_ZonaHoraria FROM ZONASHORARIAS WHERE NOMBRE = 'UTC+02:00') ),
(83, 'Antananarivo', -18.92, 47.52, 83, (select ID_ZonaHoraria FROM ZONASHORARIAS WHERE NOMBRE = 'UTC+03:00') ),
(84, 'Khartoum', 15.6, 32.53, 84, (select ID_ZonaHoraria FROM ZONASHORARIAS WHERE NOMBRE = 'UTC+03:00') ),
(85, 'Pretoria', -25.7, 28.22, 85, (select ID_ZonaHoraria FROM ZONASHORARIAS WHERE NOMBRE = 'UTC+02:00') ),
(86, 'Brazzaville', -4.25, 15.28, 86, (select ID_ZonaHoraria FROM ZONASHORARIAS WHERE NOMBRE = 'UTC+01:00') ),
(87, 'Nairobi', -1.28, 36.82, 87, (select ID_ZonaHoraria FROM ZONASHORARIAS WHERE NOMBRE = 'UTC+03:00') ),
(88, 'Diego Garcia', -7.3, 72.4, 88, (select ID_ZonaHoraria FROM ZONASHORARIAS WHERE NOMBRE = 'UTC+06:00') ),
(89, 'Yamoussoukro', 6.82, -5.27, 89, (select ID_ZonaHoraria FROM ZONASHORARIAS WHERE NOMBRE = 'UTC') ),
(90, 'Dakar', 14.73, -17.63, 90, (select ID_ZonaHoraria FROM ZONASHORARIAS WHERE NOMBRE = 'UTC') ),
(91, 'Nouakchott', 18.07, -15.97, 91, (select ID_ZonaHoraria FROM ZONASHORARIAS WHERE NOMBRE = 'UTC') ),
(92, 'Banjul', 13.45, -16.57, 92, (select ID_ZonaHoraria FROM ZONASHORARIAS WHERE NOMBRE = 'UTC+00:00') ),
(93, 'Victoria', -4.62, 55.45, 93, (select ID_ZonaHoraria FROM ZONASHORARIAS WHERE NOMBRE = 'UTC+04:00') ),
(94, 'Jamestown', -15.93, -5.72, 94, (select ID_ZonaHoraria FROM ZONASHORARIAS WHERE NOMBRE = 'UTC+00:00') ),
(95, 'São Tomé', 0.34, 6.73, 95, (select ID_ZonaHoraria FROM ZONASHORARIAS WHERE NOMBRE = 'UTC') ),
(96, 'Accra', 5.55, -0.22, 96, (select ID_ZonaHoraria FROM ZONASHORARIAS WHERE NOMBRE = 'UTC') ),
(97, 'Dodoma', -6.16, 35.75, 97, (select ID_ZonaHoraria FROM ZONASHORARIAS WHERE NOMBRE = 'UTC+03:00') ),
(98, 'Abuja', 9.08, 7.53, 98, (select ID_ZonaHoraria FROM ZONASHORARIAS WHERE NOMBRE = 'UTC+01:00') ),
(99, 'Lomé', 6.14, 1.21, 99, (select ID_ZonaHoraria FROM ZONASHORARIAS WHERE NOMBRE = 'UTC') ),
(100, 'Djibouti', 11.58, 43.15, 100, (select ID_ZonaHoraria FROM ZONASHORARIAS WHERE NOMBRE = 'UTC+03:00') ),
(101, 'Niamey', 13.52, 2.12, 101, (select ID_ZonaHoraria FROM ZONASHORARIAS WHERE NOMBRE = 'UTC+01:00') ),
(102, 'Addis Ababa', 9.03, 38.7, 102, (select ID_ZonaHoraria FROM ZONASHORARIAS WHERE NOMBRE = 'UTC+03:00') ),
(103, 'El Aaiún', -13.28, 27.14, 103, (select ID_ZonaHoraria FROM ZONASHORARIAS WHERE NOMBRE = 'UTC+00:00') ),
(104, 'Rabat', 34.02, -6.82, 104, (select ID_ZonaHoraria FROM ZONASHORARIAS WHERE NOMBRE = 'UTC') ),
(105, 'Malabo', 3.75, 8.78, 105, (select ID_ZonaHoraria FROM ZONASHORARIAS WHERE NOMBRE = 'UTC+01:00') ),
(106, 'Bangui', 4.37, 18.58, 106, (select ID_ZonaHoraria FROM ZONASHORARIAS WHERE NOMBRE = 'UTC+01:00') ),
(107, 'Conakry', 9.5, -13.7, 107, (select ID_ZonaHoraria FROM ZONASHORARIAS WHERE NOMBRE = 'UTC') ),
(108, 'Gaborone', -24.63, 25.9, 108, (select ID_ZonaHoraria FROM ZONASHORARIAS WHERE NOMBRE = 'UTC+02:00') ),
(109, 'Yaoundé', 3.85, 11.5, 109, (select ID_ZonaHoraria FROM ZONASHORARIAS WHERE NOMBRE = 'UTC+01:00') ),
(110, 'Libreville', 0.38, 9.45, 110, (select ID_ZonaHoraria FROM ZONASHORARIAS WHERE NOMBRE = 'UTC+01:00') ),
(111, 'Bissau', 11.85, -15.58, 111, (select ID_ZonaHoraria FROM ZONASHORARIAS WHERE NOMBRE = 'UTC') ),
(112, 'Harare', -17.82, 31.03, 112, (select ID_ZonaHoraria FROM ZONASHORARIAS WHERE NOMBRE = 'UTC+02:00') ),
(113, 'Maseru', -29.32, 27.48, 113, (select ID_ZonaHoraria FROM ZONASHORARIAS WHERE NOMBRE = 'UTC+02:00') ),
(114, 'Windhoek', -22.57, 17.08, 114, (select ID_ZonaHoraria FROM ZONASHORARIAS WHERE NOMBRE = 'UTC+01:00') ),
(115, 'Ouagadougou', 12.37, -1.52, 115, (select ID_ZonaHoraria FROM ZONASHORARIAS WHERE NOMBRE = 'UTC') ),
(116, 'Bamako', 12.65, -8, 116, (select ID_ZonaHoraria FROM ZONASHORARIAS WHERE NOMBRE = 'UTC') ),
(117, 'Porto-Novo', 6.48, 2.62, 117, (select ID_ZonaHoraria FROM ZONASHORARIAS WHERE NOMBRE = 'UTC+01:00') ),
(118, 'Maputo', -25.95, 32.58, 118, (select ID_ZonaHoraria FROM ZONASHORARIAS WHERE NOMBRE = 'UTC+02:00') ),
(119, 'Saint-Denis', -20.88, 55.45, 119, (select ID_ZonaHoraria FROM ZONASHORARIAS WHERE NOMBRE = 'UTC+04:00') ),
(120, 'Kinshasa', -4.32, 15.3, 120, (select ID_ZonaHoraria FROM ZONASHORARIAS WHERE NOMBRE = 'UTC+01:00') ),
(121, 'NDjamena', 12.1, 15.03, 121, (select ID_ZonaHoraria FROM ZONASHORARIAS WHERE NOMBRE = 'UTC+01:00') ),
(122, 'Praia', 14.92, -23.52, 122, (select ID_ZonaHoraria FROM ZONASHORARIAS WHERE NOMBRE = 'UTC-01:00') ),
(123, 'Gitega', -3.43, 29.93, 123, (select ID_ZonaHoraria FROM ZONASHORARIAS WHERE NOMBRE = 'UTC+02:00') ),
(124, 'Kigali', -1.95, 30.05, 124, (select ID_ZonaHoraria FROM ZONASHORARIAS WHERE NOMBRE = 'UTC+02:00') ),
(125, 'Port Louis', -20.15, 57.48, 125, (select ID_ZonaHoraria FROM ZONASHORARIAS WHERE NOMBRE = 'UTC+04:00') ),
(126, 'Tripoli', 32.88, 13.17, 126, (select ID_ZonaHoraria FROM ZONASHORARIAS WHERE NOMBRE = 'UTC+01:00') ),
(127, 'Lilongwe', -13.97, 33.78, 127, (select ID_ZonaHoraria FROM ZONASHORARIAS WHERE NOMBRE = 'UTC+02:00') ),
(128, 'Tunis', 36.8, 10.18, 128, (select ID_ZonaHoraria FROM ZONASHORARIAS WHERE NOMBRE = 'UTC+01:00') ),
(129, 'Moroni', -11.7, 43.23, 129, (select ID_ZonaHoraria FROM ZONASHORARIAS WHERE NOMBRE = 'UTC+03:00') ),
(130, 'Mbabane', -26.32, 31.13, 130, (select ID_ZonaHoraria FROM ZONASHORARIAS WHERE NOMBRE = 'UTC+02:00') ),
(131, 'Juba', 4.85, 31.62, 131, (select ID_ZonaHoraria FROM ZONASHORARIAS WHERE NOMBRE = 'UTC+03:00') ),
(132, 'Luanda', -8.83, 13.22, 132, (select ID_ZonaHoraria FROM ZONASHORARIAS WHERE NOMBRE = 'UTC+01:00') ),
(133, 'Freetown', 8.48, -13.23, 133, (select ID_ZonaHoraria FROM ZONASHORARIAS WHERE NOMBRE = 'UTC') );
Insert into ciudades values
(134, 'Jerusalem', 31.77, 35.23, 134, (select ID_ZonaHoraria FROM ZONASHORARIAS WHERE NOMBRE = 'UTC+02:00') ),
(135, 'Singapore', 1.28, 103.85, 135, (select ID_ZonaHoraria FROM ZONASHORARIAS WHERE NOMBRE = 'UTC+08:00') ),
(136, 'Abu Dhabi', 24.47, 54.37, 136, (select ID_ZonaHoraria FROM ZONASHORARIAS WHERE NOMBRE = 'UTC+04:00') ),
(137, 'Beijing', 39.92, 116.38, 137, (select ID_ZonaHoraria FROM ZONASHORARIAS WHERE NOMBRE = 'UTC+08:00') ),
(138, 'Tashkent', 41.32, 69.25, 138, (select ID_ZonaHoraria FROM ZONASHORARIAS WHERE NOMBRE = 'UTC+05:00') ),
(139, 'Ashgabat', 37.95, 58.38, 139, (select ID_ZonaHoraria FROM ZONASHORARIAS WHERE NOMBRE = 'UTC+05:00') ),
(140, 'Malé', 4.17, 73.51, 140, (select ID_ZonaHoraria FROM ZONASHORARIAS WHERE NOMBRE = 'UTC+05:00') ),
(141, 'Ramallah,Jerusalem', 31.9, 35.2, 141, (select ID_ZonaHoraria FROM ZONASHORARIAS WHERE NOMBRE = 'UTC+02:00') ),
(142, 'Riyadh', 24.65, 46.7, 142, (select ID_ZonaHoraria FROM ZONASHORARIAS WHERE NOMBRE = 'UTC+03:00') ),
(143, 'Ankara', 39.93, 32.87, 143, (select ID_ZonaHoraria FROM ZONASHORARIAS WHERE NOMBRE = 'UTC+03:00') ),
(144, 'Kuala Lumpur', 3.17, 101.7, 144, (select ID_ZonaHoraria FROM ZONASHORARIAS WHERE NOMBRE = 'UTC+08:00') ),
(145, 'Dili', -8.58, 125.6, 145, (select ID_ZonaHoraria FROM ZONASHORARIAS WHERE NOMBRE = 'UTC+09:00') ),
(146, 'Nur-Sultan', 51.16, 71.45, 146, (select ID_ZonaHoraria FROM ZONASHORARIAS WHERE NOMBRE = 'UTC+05:00') ),
(147, 'Baku', 40.38, 49.87, 147, (select ID_ZonaHoraria FROM ZONASHORARIAS WHERE NOMBRE = 'UTC+04:00') ),
(148, 'Beirut', 33.87, 35.5, 148, (select ID_ZonaHoraria FROM ZONASHORARIAS WHERE NOMBRE = 'UTC+02:00') ),
(149, 'Doha', 25.28, 51.53, 149, (select ID_ZonaHoraria FROM ZONASHORARIAS WHERE NOMBRE = 'UTC+03:00') ),
(150, 'Hanoi', 21.03, 105.85, 150, (select ID_ZonaHoraria FROM ZONASHORARIAS WHERE NOMBRE = 'UTC+07:00') ),
(151, 'Kabul', 34.52, 69.18, 151, (select ID_ZonaHoraria FROM ZONASHORARIAS WHERE NOMBRE = 'UTC+04:30') ),
(152, 'Tokyo', 35.68, 139.75, 152, (select ID_ZonaHoraria FROM ZONASHORARIAS WHERE NOMBRE = 'UTC+09:00') ),
(153, 'Damascus', 33.5, 36.3, 153, (select ID_ZonaHoraria FROM ZONASHORARIAS WHERE NOMBRE = 'UTC+02:00') ),
(154, 'Amman', 31.95, 35.93, 154, (select ID_ZonaHoraria FROM ZONASHORARIAS WHERE NOMBRE = 'UTC+03:00') ),
(155, 'Kuwait City', 29.37, 47.97, 155, (select ID_ZonaHoraria FROM ZONASHORARIAS WHERE NOMBRE = 'UTC+03:00') ),
(156, 'Naypyidaw', 19.76, 96.07, 156, (select ID_ZonaHoraria FROM ZONASHORARIAS WHERE NOMBRE = 'UTC+06:30') ),
(157, 'Bishkek', 42.87, 74.6, 157, (select ID_ZonaHoraria FROM ZONASHORARIAS WHERE NOMBRE = 'UTC+06:00') ),
(158, 'Bangkok', 13.75, 100.52, 158, (select ID_ZonaHoraria FROM ZONASHORARIAS WHERE NOMBRE = 'UTC+07:00') ),
(159, 'Yerevan', 40.17, 44.5, 159, (select ID_ZonaHoraria FROM ZONASHORARIAS WHERE NOMBRE = 'UTC+04:00') ),
(160, 'Tehran', 35.7, 51.42, 160, (select ID_ZonaHoraria FROM ZONASHORARIAS WHERE NOMBRE = 'UTC+03:30') ),
(161, 'Manama', 26.23, 50.57, 161, (select ID_ZonaHoraria FROM ZONASHORARIAS WHERE NOMBRE = 'UTC+03:00') ),
(162, 'Vientiane', 17.97, 102.6, 162, (select ID_ZonaHoraria FROM ZONASHORARIAS WHERE NOMBRE = 'UTC+07:00') ),
(163, 'Seoul', 37.55, 126.98, 163, (select ID_ZonaHoraria FROM ZONASHORARIAS WHERE NOMBRE = 'UTC+09:00') ),
(164, 'Ulan Bator', 47.92, 106.91, 164, (select ID_ZonaHoraria FROM ZONASHORARIAS WHERE NOMBRE = 'UTC+07:00') ),
(165, 'New Delhi', 28.6, 77.2, 165, (select ID_ZonaHoraria FROM ZONASHORARIAS WHERE NOMBRE = 'UTC+05:30') ),
(166, 'Dushanbe', 38.55, 68.77, 166, (select ID_ZonaHoraria FROM ZONASHORARIAS WHERE NOMBRE = 'UTC+05:00') ),
(167, 'Bandar Seri Begawan', 4.88, 114.93, 167, (select ID_ZonaHoraria FROM ZONASHORARIAS WHERE NOMBRE = 'UTC+08:00') ),
(168, 'Kathmandu', 27.72, 85.32, 168, (select ID_ZonaHoraria FROM ZONASHORARIAS WHERE NOMBRE = 'UTC+05:45') ),
(169, 'Manila', 14.6, 120.97, 169, (select ID_ZonaHoraria FROM ZONASHORARIAS WHERE NOMBRE = 'UTC+08:00') ),
(170, 'Taipei', 25.03, 121.52, 170, (select ID_ZonaHoraria FROM ZONASHORARIAS WHERE NOMBRE = 'UTC+08:00') ),
(172, 'Sanaa', 15.37, 44.19, 172, (select ID_ZonaHoraria FROM ZONASHORARIAS WHERE NOMBRE = 'UTC+03:00') ),
(173, 'Islamabad', 33.68, 73.05, 173, (select ID_ZonaHoraria FROM ZONASHORARIAS WHERE NOMBRE = 'UTC+05:00') ),
(174, 'Thimphu', 27.47, 89.63, 174, (select ID_ZonaHoraria FROM ZONASHORARIAS WHERE NOMBRE = 'UTC+06:00') ),
(175, 'Phnom Penh', 11.55, 104.92, 175, (select ID_ZonaHoraria FROM ZONASHORARIAS WHERE NOMBRE = 'UTC+07:00') ),
(176, 'Muscat', 23.62, 58.58, 176, (select ID_ZonaHoraria FROM ZONASHORARIAS WHERE NOMBRE = 'UTC+04:00') ),
(177, 'Tbilisi', 41.68, 44.83, 177, (select ID_ZonaHoraria FROM ZONASHORARIAS WHERE NOMBRE = 'UTC+04:00') ),
(178, 'Pyongyang', 39.02, 125.75, 178, (select ID_ZonaHoraria FROM ZONASHORARIAS WHERE NOMBRE = 'UTC+09:00') ),
(179, 'Jakarta', -6.17, 106.82, 179, (select ID_ZonaHoraria FROM ZONASHORARIAS WHERE NOMBRE = 'UTC+07:00') ),
(180, 'Dhaka', 23.72, 90.4, 180, (select ID_ZonaHoraria FROM ZONASHORARIAS WHERE NOMBRE = 'UTC+06:00') ),
(181, 'Baghdad', 33.33, 44.4, 181, (select ID_ZonaHoraria FROM ZONASHORARIAS WHERE NOMBRE = 'UTC+03:00') ),
(182, 'Sri Jayawardenepura Kotte', 6.89, 79.9, 182, (select ID_ZonaHoraria FROM ZONASHORARIAS WHERE NOMBRE = 'UTC+05:30') ),
(183, 'City of Victoria', 22.267, 114.188, 183, (select ID_ZonaHoraria FROM ZONASHORARIAS WHERE NOMBRE = 'UTC+08:00') );
Insert into ciudades values
(184, 'Fakaofo', -9.38, -171.22, 184, (select ID_ZonaHoraria FROM ZONASHORARIAS WHERE NOMBRE = 'UTC+13:00') ),
(185, 'Nuku alofa', -21.13, -175.2, 185, (select ID_ZonaHoraria FROM ZONASHORARIAS WHERE NOMBRE = 'UTC+13:00') ),
(186, 'Suva', -18.13, 178.42, 186, (select ID_ZonaHoraria FROM ZONASHORARIAS WHERE NOMBRE = 'UTC+12:00') ),
(187, 'Flying Fish Cove', -10.42, 105.68, 187, (select ID_ZonaHoraria FROM ZONASHORARIAS WHERE NOMBRE = 'UTC+07:00') ),
(188, 'Wellington', -41.3, 174.78, 188, (select ID_ZonaHoraria FROM ZONASHORARIAS WHERE NOMBRE = 'UTC-11:00') ),
(189, 'Avarua', -21.2, -159.77, 189, (select ID_ZonaHoraria FROM ZONASHORARIAS WHERE NOMBRE = 'UTC-10:00') ),
(190, 'Nouméa', -22.27, 166.45, 190, (select ID_ZonaHoraria FROM ZONASHORARIAS WHERE NOMBRE = 'UTC+11:00') ),
(191, 'Alofi', -19.02, -169.92, 191, (select ID_ZonaHoraria FROM ZONASHORARIAS WHERE NOMBRE = 'UTC-11:00') ),
(192, 'South Tarawa', 1.33, 172.98, 192, (select ID_ZonaHoraria FROM ZONASHORARIAS WHERE NOMBRE = 'UTC+12:00') ),
(193, 'Port Vila', -17.73, 168.32, 193, (select ID_ZonaHoraria FROM ZONASHORARIAS WHERE NOMBRE = 'UTC+11:00') ),
(194, 'Majuro', 7.1, 171.38, 194, (select ID_ZonaHoraria FROM ZONASHORARIAS WHERE NOMBRE = 'UTC+12:00') ),
(195, 'Pago Pago', -14.27, -170.7, 195, (select ID_ZonaHoraria FROM ZONASHORARIAS WHERE NOMBRE = 'UTC-11:00') ),
(196, 'Ngerulmud', 7.5, 134.62, 196, (select ID_ZonaHoraria FROM ZONASHORARIAS WHERE NOMBRE = 'UTC+09:00') ),
(197, 'Mata-Utu', -13.95, -171.93, 197, (select ID_ZonaHoraria FROM ZONASHORARIAS WHERE NOMBRE = 'UTC+12:00') ),
(198, 'Kingston', -29.05, 167.97, 198, (select ID_ZonaHoraria FROM ZONASHORARIAS WHERE NOMBRE = 'UTC+11:30') ),
(199, 'Papeetē', -17.53, -149.56, 199, (select ID_ZonaHoraria FROM ZONASHORARIAS WHERE NOMBRE = 'UTC-10:00') ),
(200, 'Adamstown', -25.07, -130.08, 200, (select ID_ZonaHoraria FROM ZONASHORARIAS WHERE NOMBRE = 'UTC-08:00') ),
(201, 'Canberra', -35.27, 149.13, 201, (select ID_ZonaHoraria FROM ZONASHORARIAS WHERE NOMBRE = 'UTC+05:00') ),
(202, 'Hagåtña', 13.48, 144.75, 202, (select ID_ZonaHoraria FROM ZONASHORARIAS WHERE NOMBRE = 'UTC+10:00') ),
(203, 'Yaren', -0.55, 166.92, 203, (select ID_ZonaHoraria FROM ZONASHORARIAS WHERE NOMBRE = 'UTC+12:00') ),
(204, 'West Island', -12.17, 96.83, 204, (select ID_ZonaHoraria FROM ZONASHORARIAS WHERE NOMBRE = 'UTC+06:30') ),
(205, 'Honiara', -9.43, 159.95, 205, (select ID_ZonaHoraria FROM ZONASHORARIAS WHERE NOMBRE = 'UTC+11:00') ),
(206, 'Saipan', 15.2, 145.75, 206, (select ID_ZonaHoraria FROM ZONASHORARIAS WHERE NOMBRE = 'UTC+10:00') ),
(207, 'Apia', -13.82, -171.77, 207, (select ID_ZonaHoraria FROM ZONASHORARIAS WHERE NOMBRE = 'UTC+13:00') ),
(208, 'Funafuti', -8.52, 179.22, 208, (select ID_ZonaHoraria FROM ZONASHORARIAS WHERE NOMBRE = 'UTC+12:00') ),
(209, 'Port Moresby', -9.45, 147.18, 209, (select ID_ZonaHoraria FROM ZONASHORARIAS WHERE NOMBRE = 'UTC+10:00') ),
(210, 'Palikir', 6.92, 158.15, 210, (select ID_ZonaHoraria FROM ZONASHORARIAS WHERE NOMBRE = 'UTC+10:00') );
